<?xml version="1.0" encoding="utf-8"?><shortcuts>
	<shortcut>
		<defaultID>movies</defaultID>
		<label>20342</label>
		<label2>Common Shortcut</label2>
		<icon>special://skin/extras/icons/film.png</icon>
		<thumb/>
		<action>ActivateWindow(Videos,MovieTitles,return)</action>
	</shortcut>
	<shortcut>
		<defaultID>tvshows</defaultID>
		<label>20343</label>
		<label2>Common Shortcut</label2>
		<icon>special://skin/extras/icons/tv.png</icon>
		<thumb/>
		<action>ActivateWindow(Videos,TVShowTitles,return)</action>
	</shortcut>
	<shortcut>
		<defaultID>music</defaultID>
		<label>2</label>
		<label2>Common Shortcut</label2>
		<icon>special://skin/extras/icons/songs.png</icon>
		<thumb/>
		<action>ActivateWindow(Music)</action>
	</shortcut>
	<shortcut>
		<defaultID>livetv</defaultID>
		<label>$SKIN[31103|skin.aura|Live TV]</label>
		<label2>Common Shortcut</label2>
		<icon>special://skin/extras/icons/livetv.png</icon>
		<thumb/>
		<action>ActivateWindow(TVChannels)</action>
		<visible>PVR.HasTVChannels</visible>
	</shortcut>
	<shortcut>
		<defaultID>addons</defaultID>
		<label>24001</label>
		<label2/>
		<icon>special://skin/extras/icons/addons.png</icon>
		<thumb/>
		<action>ActivateWindow(AddonBrowser)</action>
	</shortcut>
	<shortcut>
		<defaultID>settings</defaultID>
		<label>5</label>
		<label2>Common Shortcut</label2>
		<icon>special://skin/extras/icons/settings.png</icon>
		<thumb/>
		<action>ActivateWindow(Settings)</action>
	</shortcut>
	<shortcut>
		<defaultID>power</defaultID>
		<label>33060</label>
		<label2>Common Shortcut</label2>
		<icon>special://skin/extras/icons/power.png</icon>
		<thumb/>
		<action>ActivateWindow(shutdownmenu)</action>
	</shortcut>
</shortcuts>